country,Region,Population,Area,Pop. Density,Coastline,Net migration,Infant mortality,GDP,Literacy,Phones,Arable,Crops,Other,Birthrate,Deathrate,beer_servings,spirit_servings,wine_servings,total_litres_of_pure_alcohol,CountryDisplay,Numeric,SexDisplay,YearCode
Afghanistan,ASIA (EX. NEAR EAST)         ,31056997,647500,47.96,0.0,23.06,163.07,700,36.0,3.22,12.13,0.22,87.65,46.6,20.34,0.0,0.0,0.0,0.0,Afghanistan,15.91239,Both sexes,2013
Albania,EASTERN EUROPE                     ,3581655,28748,124.59,1.26,-4.93,21.52,4500,86.5,71.2,21.09,4.42,74.49,15.11,5.22,89.0,132.0,54.0,4.8675,Albania,18.903579999999998,Both sexes,2013
Algeria,NORTHERN AFRICA                    ,32930091,2381740,13.83,0.04,-0.39,31.0,6000,70.0,78.1,3.22,0.25,96.53,17.14,4.61,25.0,0.0,14.0,0.6903,Algeria,17.8669,Both sexes,2013
Andorra,WESTERN EUROPE                     ,71201,468,152.14,0.0,6.6,4.05,19000,100.0,497.18,2.22,0.0,97.78,8.71,6.25,245.0,138.0,312.0,12.301499999999999,Andorra,25.27306,Both sexes,2013
Angola,SUB-SAHARAN AFRICA                 ,12127071,1246700,9.73,0.13,0.0,191.19,1900,42.0,7.78,2.41,0.24,97.35,45.11,24.2,217.0,57.0,45.0,5.646299999999999,Angola,15.7519,Both sexes,2013
Antigua and Barbuda,LATIN AMER. & CARIB    ,69108,443,156.0,34.54,-6.15,19.46,11000,89.0,549.86,18.18,4.55,77.27,16.93,5.37,102.0,128.0,45.0,4.8675,Antigua and Barbuda,22.22126,Both sexes,2013
Argentina,LATIN AMER. & CARIB    ,39921833,2766890,14.43,0.18,0.61,15.18,11200,97.1,220.43,12.31,0.48,87.21,16.73,7.55,193.0,25.0,221.0,7.7703,Argentina,21.51349,Both sexes,2013
Armenia,C.W. OF IND. STATES ,2976372,29800,99.88,0.0,-6.47,23.28,3500,98.6,195.71,17.55,2.3,80.15,12.07,8.23,21.0,179.0,11.0,3.7347,Armenia,16.90703,Both sexes,2013
Australia,OCEANIA                            ,20264082,7686850,2.64,0.34,3.98,4.69,29000,100.0,565.53,6.55,0.04,93.41,12.14,7.51,261.0,72.0,212.0,9.6465,Australia,25.377979999999997,Both sexes,2013
Austria,WESTERN EUROPE                     ,8192880,83870,97.69,0.0,2.0,4.66,30000,98.0,452.22,16.91,0.86,82.23,8.74,9.76,279.0,75.0,191.0,9.6465,Austria,24.11444,Both sexes,2013
Azerbaijan,C.W. OF IND. STATES ,7961619,86600,91.94,0.0,-4.9,81.74,3400,97.0,137.08,19.63,2.71,77.66,20.74,9.75,21.0,46.0,5.0,1.2744,Azerbaijan,18.88105,Both sexes,2013
Bahamas,LATIN AMER. & CARIB    ,303770,13940,21.79,25.41,-2.2,25.21,16700,95.6,460.55,0.8,0.4,98.8,17.57,9.05,122.0,176.0,33.241379,5.862972408299999,Bahamas,20.945439999999998,Both sexes,2013
Bahrain,NEAR EAST                          ,698585,665,1050.5,24.21,1.05,17.27,16900,89.1,281.28,2.82,5.63,91.55,17.8,4.14,42.0,63.0,7.0,1.9824,Bahrain,20.14415,Both sexes,2013
Bangladesh,ASIA (EX. NEAR EAST)         ,147365352,144000,1023.37,0.4,-0.71,62.6,1900,43.1,7.26,62.11,3.07,34.82,29.8,8.27,0.0,0.0,0.0,0.0,Bangladesh,18.354589999999998,Both sexes,2013
Barbados,LATIN AMER. & CARIB    ,279912,431,649.45,22.51,-0.31,12.5,15700,97.4,481.94,37.21,2.33,60.46,12.71,8.67,143.0,173.0,36.0,6.2304,Barbados,23.050829999999998,Both sexes,2013
Belarus,C.W. OF IND. STATES ,10293011,207600,49.58,0.0,2.54,13.37,6100,99.6,319.08,29.55,0.6,69.85,11.16,14.02,142.0,373.0,42.0,9.8589,Belarus,18.2692,Both sexes,2013
Belgium,WESTERN EUROPE                     ,10379067,30528,339.99,0.22,1.23,4.68,29100,98.0,462.57,23.28,0.4,76.32,10.38,10.27,295.0,84.0,212.0,10.460700000000001,Belgium,23.5911,Both sexes,2013
Belize,LATIN AMER. & CARIB    ,287730,22966,12.53,1.68,0.0,25.69,4900,94.1,115.73,2.85,1.71,95.44,28.84,5.72,263.0,114.0,8.0,6.814500000000001,Belize,20.56706,Both sexes,2013
Benin,SUB-SAHARAN AFRICA                 ,7862944,112620,69.82,0.11,0.0,85.0,1100,40.9,9.7,18.08,2.4,79.52,38.85,12.22,34.0,4.0,13.0,0.9027,Benin,15.5772,Both sexes,2013
Bhutan,ASIA (EX. NEAR EAST)         ,2279723,47000,48.5,0.0,0.0,100.44,1300,42.2,14.34,3.09,0.43,96.48,33.65,12.7,23.0,0.0,0.0,0.4071,Bhutan,19.47774,Both sexes,2013
Bolivia (Plurinational State of),LATIN AMER. & CARIB    ,8989046,1098580,8.18,0.0,-1.32,53.11,2400,87.2,71.9,2.67,0.19,97.14,23.3,7.53,167.0,41.0,8.0,3.8232,Bolivia (Plurinational State of),18.63562,Both sexes,2013
Bosnia and Herzegovina,EASTERN EUROPE                     ,4498976,51129,87.99,0.04,0.31,21.05,6100,,215.36,13.6,2.96,83.44,8.77,8.27,76.0,173.0,8.0,4.5489,Bosnia and Herzegovina,20.94254,Both sexes,2013
Botswana,SUB-SAHARAN AFRICA                 ,1639833,600370,2.73,0.0,0.0,54.58,9000,79.8,80.5,0.65,0.01,99.34,23.08,29.5,173.0,35.0,35.0,4.3011,Botswana,18.02378,Both sexes,2013
Brazil,LATIN AMER. & CARIB    ,188078227,8511965,22.1,0.09,-0.03,29.61,7600,86.4,225.34,6.96,0.9,92.15,16.56,6.17,245.0,145.0,16.0,7.1861999999999995,Brazil,21.67468,Both sexes,2013
Brunei Darussalam,ASIA (EX. NEAR EAST)         ,379444,5770,65.76,2.79,3.59,12.61,18600,93.9,237.19,0.57,0.76,98.67,18.79,3.45,31.0,2.0,1.0,0.6018000000000001,Brunei Darussalam,20.65938,Both sexes,2013
Bulgaria,EASTERN EUROPE                     ,7385367,110910,66.59,0.32,-4.58,20.55,7600,98.6,336.27,40.02,1.92,58.06,9.65,14.27,231.0,252.0,94.0,10.2129,Bulgaria,19.6997,Both sexes,2013
Burkina Faso,SUB-SAHARAN AFRICA                 ,13902972,274200,50.7,0.0,0.0,97.57,1100,26.6,7.01,14.43,0.19,85.38,45.62,15.6,25.0,7.0,7.0,0.6903,Burkina Faso,15.118879999999999,Both sexes,2013
Myanmar,ASIA (EX. NEAR EAST)         ,47382633,678500,69.83,0.28,-1.8,67.24,1800,85.3,10.05,15.19,0.97,83.84,17.91,9.83,5.0,1.0,0.0,0.10620000000000002,Myanmar,16.58318,Both sexes,2013
Burundi,SUB-SAHARAN AFRICA                 ,8090068,27830,290.7,0.0,-0.06,69.29,600,51.6,3.42,35.05,14.02,50.93,42.22,13.46,88.0,0.0,0.0,1.5575999999999999,Burundi,16.05164,Both sexes,2013
Cambodia,ASIA (EX. NEAR EAST)         ,13881427,181040,76.68,0.24,0.0,71.48,1900,69.4,2.62,20.96,0.61,78.43,26.9,9.06,57.0,65.0,1.0,2.1771,Cambodia,23.810679999999998,Both sexes,2013
Cameroon,SUB-SAHARAN AFRICA                 ,17340702,475440,36.47,0.08,0.0,68.26,1800,79.0,5.73,12.81,2.58,84.61,33.89,13.47,147.0,1.0,4.0,2.6904000000000003,Cameroon,16.523970000000002,Both sexes,2013
Canada,NORTHERN AMERICA                   ,33098932,9984670,3.31,2.02,5.96,4.75,29800,97.0,552.16,4.96,0.02,95.02,10.78,7.8,240.0,122.0,100.0,8.1774,Canada,24.92333,Both sexes,2013
Cabo Verde,SUB-SAHARAN AFRICA                 ,420979,4033,104.38,23.93,-12.07,47.77,1400,76.6,169.6,9.68,0.5,89.82,24.87,6.55,144.0,56.0,16.0,3.8232,Cabo Verde,19.930670000000003,Both sexes,2013
Central African Republic,SUB-SAHARAN AFRICA                 ,4303356,622984,6.91,0.0,0.0,91.0,1100,51.0,2.32,3.1,0.14,96.76,33.91,18.65,17.0,2.0,1.0,0.354,Central African Republic,15.89603,Both sexes,2013
Chad,SUB-SAHARAN AFRICA                 ,9944201,1284000,7.74,0.0,-0.11,93.82,1200,47.5,1.31,2.86,0.02,97.12,45.73,16.38,15.0,1.0,1.0,0.3009,Chad,14.73585,Both sexes,2013
Chile,LATIN AMER. & CARIB    ,16134219,756950,21.31,0.85,0.0,8.8,9900,96.2,212.96,2.65,0.42,96.93,15.23,5.81,130.0,124.0,172.0,7.5402000000000005,Chile,23.86901,Both sexes,2013
China,ASIA (EX. NEAR EAST)         ,1313973713,9596960,136.92,0.15,-0.4,24.18,5000,90.9,266.7,15.4,1.25,83.35,13.25,6.97,79.0,192.0,8.0,4.9383,China,19.44975,Both sexes,2013
Colombia,LATIN AMER. & CARIB    ,43593035,1138910,38.28,0.28,-0.31,20.97,6300,92.5,176.15,2.42,1.67,95.91,20.48,5.58,159.0,76.0,3.0,4.2126,Colombia,24.1342,Both sexes,2013
Comoros,SUB-SAHARAN AFRICA                 ,690948,2170,318.41,15.67,0.0,74.93,700,56.5,24.46,35.87,23.32,40.81,36.93,8.2,1.0,3.0,1.0,0.0885,Comoros,15.87739,Both sexes,2013
Democratic Republic of the Congo,SUB-SAHARAN AFRICA                 ,62660551,2345410,26.72,0.0,0.0,94.69,700,65.5,0.17,2.96,0.52,96.52,43.69,13.27,32.0,3.0,1.0,0.6372000000000001,Democratic Republic of the Congo,15.450679999999998,Both sexes,2013
Congo,SUB-SAHARAN AFRICA                 ,3702314,342000,10.83,0.05,-0.17,93.86,700,83.8,3.73,0.51,0.13,99.36,42.57,12.93,76.0,1.0,9.0,1.5222000000000002,Congo,17.2298,Both sexes,2013
Cook Islands,OCEANIA                            ,21388,240,89.12,50.0,,,5000,95.0,289.88,17.39,13.04,69.57,21.0,,0.0,254.0,74.0,5.8056,Cook Islands,20.79552,Both sexes,2013
Costa Rica,LATIN AMER. & CARIB    ,4075261,51100,79.75,2.52,0.51,9.95,9100,96.0,340.71,4.41,5.88,89.71,18.32,4.36,149.0,87.0,11.0,4.3719,Costa Rica,23.49632,Both sexes,2013
Côte d'Ivoire,SUB-SAHARAN AFRICA                 ,17654843,322460,54.75,0.16,-0.07,90.83,1400,50.9,14.61,9.75,13.84,76.41,35.11,14.84,37.0,1.0,7.0,0.7965000000000001,Côte d'Ivoire,15.588579999999999,Both sexes,2013
Croatia,EASTERN EUROPE                     ,4494749,56542,79.49,10.32,1.58,6.84,10600,98.5,420.38,26.09,2.27,71.65,9.61,11.48,230.0,87.0,254.0,10.1067,Croatia,21.67408,Both sexes,2013
Cuba,LATIN AMER. & CARIB    ,11382820,110860,102.68,3.37,-1.58,6.33,2900,97.0,74.67,33.05,7.6,59.35,11.89,7.22,93.0,137.0,5.0,4.1594999999999995,Cuba,21.96208,Both sexes,2013
Cyprus,NEAR EAST                          ,784301,9250,84.79,7.01,0.43,7.18,19200,97.6,,7.79,4.44,87.77,12.56,7.68,192.0,154.0,113.0,8.1243,Cyprus,24.3273,Both sexes,2013
Czech Republic,EASTERN EUROPE                     ,10235455,78866,129.78,0.0,0.97,3.93,15700,99.9,314.33,39.8,3.05,57.15,9.02,10.59,361.0,170.0,134.0,11.7705,Czech Republic,21.581879999999998,Both sexes,2013
Denmark,WESTERN EUROPE                     ,5450661,43094,126.48,16.97,2.48,4.56,31100,100.0,614.6,54.02,0.19,45.79,11.13,10.36,224.0,92.047619,278.0,10.514642856299998,Denmark,22.88366,Both sexes,2013
Djibouti,SUB-SAHARAN AFRICA                 ,486530,23000,21.15,1.37,0.0,104.13,1300,67.9,22.81,0.04,0.0,99.96,39.53,19.31,15.0,44.0,3.0,1.0974,Djibouti,16.36789,Both sexes,2013
Dominica,LATIN AMER. & CARIB    ,68910,754,91.39,19.63,-13.87,14.15,5400,94.0,304.75,6.67,20.0,73.33,15.27,6.73,52.0,286.0,26.0,6.4428,Dominica,21.45725,Both sexes,2013
Dominican Republic,LATIN AMER. & CARIB    ,9183984,48730,188.47,2.64,-3.22,32.38,6000,84.7,97.4,22.65,10.33,67.02,23.22,5.73,193.0,147.0,9.0,6.177300000000001,Dominican Republic,21.28386,Both sexes,2013
Timor_Leste,ASIA (EX. NEAR EAST)         ,1062777,15007,70.82,4.7,0.0,47.41,500,58.6,,4.71,0.67,94.62,26.99,6.24,1.0,1.0,4.0,0.10619999999999999,Timor_Leste,16.924120000000002,Both sexes,2013
Ecuador,LATIN AMER. & CARIB    ,13547510,283560,47.78,0.79,-8.58,23.66,3300,92.5,125.6,5.85,4.93,89.22,22.29,4.23,162.0,74.0,3.0,4.2303,Ecuador,22.433670000000003,Both sexes,2013
Egypt,NORTHERN AFRICA                    ,78887007,1001450,78.77,0.24,-0.22,32.59,4000,57.7,131.78,2.87,0.48,96.65,22.94,5.23,6.0,4.0,1.0,0.19469999999999998,Egypt,17.53399,Both sexes,2013
El Salvador,LATIN AMER. & CARIB    ,6822378,21040,324.26,1.46,-3.74,25.1,4800,80.2,142.4,31.85,12.07,56.08,26.61,5.78,52.0,69.0,2.0,2.1771,El Salvador,21.82624,Both sexes,2013
Equatorial Guinea,SUB-SAHARAN AFRICA                 ,540109,28051,19.25,1.06,0.0,85.13,2700,85.7,18.51,4.63,3.57,91.8,35.59,15.06,92.0,0.0,233.0,5.7524999999999995,Equatorial Guinea,16.127589999999998,Both sexes,2013
Eritrea,SUB-SAHARAN AFRICA                 ,4786994,121320,39.46,1.84,0.0,74.87,700,58.6,7.88,4.95,0.03,95.02,34.33,9.6,18.0,0.0,0.0,0.3186,Eritrea,15.390039999999999,Both sexes,2013
Estonia,BALTICS                            ,1324333,45226,29.28,8.39,-3.16,7.87,12300,99.8,333.75,16.04,0.45,83.51,10.04,13.25,224.0,194.0,59.0,8.4429,Estonia,21.746170000000003,Both sexes,2013
Ethiopia,SUB-SAHARAN AFRICA                 ,74777981,1127127,66.34,0.0,0.0,95.32,700,42.7,8.16,10.71,0.75,88.54,37.98,14.86,20.0,3.0,0.0,0.4071,Ethiopia,18.07968,Both sexes,2013
Fiji,OCEANIA                            ,905949,18270,49.59,6.18,-3.14,12.62,5800,93.7,112.59,10.95,4.65,84.4,22.55,5.65,77.0,35.0,1.0,2.0000999999999998,Fiji,17.02375,Both sexes,2013
Finland,WESTERN EUROPE                     ,5231372,338145,15.47,0.37,0.95,3.57,27400,100.0,405.25,7.19,0.03,92.78,10.45,9.86,263.0,133.0,97.0,8.7261,Finland,24.050060000000002,Both sexes,2013
France,WESTERN EUROPE                     ,60876136,547030,111.28,0.63,0.66,4.26,27600,99.0,586.44,33.53,2.07,64.4,11.99,9.14,127.0,151.0,370.0,11.4696,France,25.34971,Both sexes,2013
Gabon,SUB-SAHARAN AFRICA                 ,1424906,267667,5.32,0.33,0.0,53.64,5500,63.2,27.44,1.26,0.66,98.08,36.16,12.25,347.0,98.0,59.0,8.9208,Gabon,18.12271,Both sexes,2013
Gambia,SUB-SAHARAN AFRICA                 ,1641564,11300,145.27,0.71,1.57,72.02,1700,40.1,26.8,25.0,0.5,74.5,39.37,12.25,8.0,0.0,1.0,0.1593,Gambia,16.75858,Both sexes,2013
Georgia,C.W. OF IND. STATES ,4661473,69700,66.88,0.44,-4.7,18.59,2500,99.0,146.56,11.44,3.86,84.7,10.41,9.23,52.0,100.0,149.0,5.3277,Georgia,19.78068,Both sexes,2013
Germany,WESTERN EUROPE                     ,82422299,357021,230.86,0.67,2.18,4.16,27600,99.0,667.85,33.85,0.59,65.56,8.25,10.62,346.0,117.0,175.0,11.2926,Germany,23.76277,Both sexes,2013
Ghana,SUB-SAHARAN AFRICA                 ,22409572,239460,93.58,0.23,-0.64,51.43,2200,74.8,14.35,16.26,9.67,74.07,30.52,9.72,31.0,3.0,10.0,0.7788,Ghana,17.25105,Both sexes,2013
Greece,WESTERN EUROPE                     ,10688058,131940,81.01,10.37,2.35,5.53,20000,97.5,589.72,21.1,8.78,70.12,9.68,10.24,133.0,112.0,218.0,8.1951,Greece,24.2984,Both sexes,2013
Grenada,LATIN AMER. & CARIB    ,89703,344,260.76,35.17,-13.92,14.62,5000,98.0,364.54,5.88,29.41,64.71,22.08,6.88,199.0,438.0,28.0,11.7705,Grenada,19.40023,Both sexes,2013
Guatemala,LATIN AMER. & CARIB    ,12293545,108890,112.9,0.37,-1.67,35.93,4100,70.6,92.09,12.54,5.03,82.43,29.88,5.2,53.0,69.0,2.0,2.1948,Guatemala,21.49681,Both sexes,2013
Guinea,SUB-SAHARAN AFRICA                 ,9690222,245857,39.41,0.13,-3.06,90.37,2100,35.9,2.7,3.63,2.58,93.79,41.76,15.48,9.0,0.0,2.0,0.19469999999999998,Guinea,16.31699,Both sexes,2013
Guinea_Bissau,SUB-SAHARAN AFRICA                 ,1442029,36120,39.92,0.97,-1.57,107.17,800,42.4,7.35,10.67,8.82,80.51,37.22,16.53,28.0,31.0,21.0,1.416,Guinea_Bissau,14.855189999999999,Both sexes,2013
Guyana,LATIN AMER. & CARIB    ,767245,214970,3.57,0.21,-2.07,33.26,4000,98.8,143.5,2.44,0.15,97.41,18.28,8.28,93.0,302.0,1.0,7.009200000000001,Guyana,15.247279999999998,Both sexes,2013
Haiti,LATIN AMER. & CARIB    ,8308504,27750,299.41,6.38,-3.4,73.45,1600,52.9,16.85,28.3,11.61,60.09,36.44,12.17,1.0,326.0,1.0,5.8056,Haiti,17.01645,Both sexes,2013
Honduras,LATIN AMER. & CARIB    ,7326496,112090,65.36,0.73,-1.99,29.32,2600,76.2,67.48,9.55,3.22,87.23,28.24,5.28,69.0,98.0,2.0,2.9913000000000003,Honduras,22.06765,Both sexes,2013
Hungary,EASTERN EUROPE                     ,9981334,93030,107.29,0.0,0.86,8.57,13900,99.4,336.23,50.09,2.06,47.85,9.72,13.11,234.0,215.0,185.0,11.2218,Hungary,20.02804,Both sexes,2013
Iceland,WESTERN EUROPE                     ,299388,103000,2.91,4.83,2.38,3.31,30900,99.9,647.65,0.07,0.0,99.93,13.64,6.72,233.0,61.0,78.0,6.5844,Iceland,24.46819,Both sexes,2013
India,ASIA (EX. NEAR EAST)         ,1095351995,3287590,333.18,0.21,-0.07,56.29,2900,59.5,45.42,54.4,2.74,42.86,22.01,8.18,9.0,114.0,0.0,2.1771,India,16.95337,Both sexes,2013
Indonesia,ASIA (EX. NEAR EAST)         ,245452739,1919440,127.88,2.85,0.0,35.6,3200,87.9,52.03,11.32,7.23,81.45,20.34,6.25,5.0,1.0,0.0,0.10620000000000002,Indonesia,17.80251,Both sexes,2013
Iran (Islamic Republic of),ASIA (EX. NEAR EAST)         ,68688433,1648000,41.68,0.15,-0.84,41.58,7000,79.4,276.41,8.72,1.39,89.89,17.0,5.55,0.0,0.0,0.0,0.0,Iran (Islamic Republic of),19.9134,Both sexes,2013
Iraq,NEAR EAST                          ,26783383,437072,61.28,0.01,0.0,50.25,1500,40.4,38.61,13.15,0.78,86.07,31.98,5.37,9.0,3.0,0.0,0.21239999999999998,Iraq,17.64196,Both sexes,2013
Ireland,WESTERN EUROPE                     ,4062235,70280,57.8,2.06,4.99,5.39,29600,98.0,500.46,15.2,0.03,84.77,14.45,7.82,313.0,118.0,165.0,10.549199999999999,Ireland,24.06118,Both sexes,2013
Israel,NEAR EAST                          ,6352117,20770,305.83,1.31,0.68,7.03,19800,95.4,462.26,16.39,4.17,79.44,17.97,6.18,63.0,69.0,9.0,2.4957000000000003,Israel,24.89846,Both sexes,2013
Italy,WESTERN EUROPE                     ,58133509,301230,192.99,2.52,2.07,5.94,26700,98.6,430.89,27.79,9.53,62.68,8.72,10.4,85.0,42.0,237.0,6.4428,Italy,25.208170000000003,Both sexes,2013
Jamaica,LATIN AMER. & CARIB    ,2758124,10991,250.94,9.3,-4.92,12.36,3900,87.9,124.0,16.07,10.16,73.77,20.82,6.52,82.0,97.0,9.0,3.3276000000000003,Jamaica,21.18815,Both sexes,2013
Japan,ASIA (EX. NEAR EAST)         ,127463611,377835,337.35,7.87,0.0,3.26,28200,99.0,461.15,12.19,0.96,86.85,9.37,9.16,77.0,202.0,16.0,5.2215,Japan,26.4317,Both sexes,2013
Jordan,NEAR EAST                          ,5906760,92300,64.0,0.03,6.59,17.35,4300,91.3,104.51,2.67,1.83,95.5,21.25,2.65,6.0,21.0,1.0,0.49559999999999993,Jordan,18.95136,Both sexes,2013
Kazakhstan,C.W. OF IND. STATES ,15233244,2717300,5.61,0.0,-3.35,29.21,6300,98.4,164.11,7.98,0.05,91.97,16.0,9.42,124.0,246.0,12.0,6.7614,Kazakhstan,16.13593,Both sexes,2013
Kenya,SUB-SAHARAN AFRICA                 ,34707817,582650,59.57,0.09,-0.1,61.47,1000,85.1,8.12,8.08,0.98,90.94,39.72,14.02,58.0,22.0,2.0,1.4514,Kenya,17.652379999999997,Both sexes,2013
Kiribati,OCEANIA                            ,105432,811,130.0,140.94,0.0,48.52,800,,42.68,2.74,50.68,46.58,30.65,8.26,21.0,34.0,1.0,0.9912,Kiribati,17.252,Both sexes,2013
Democratic People's Republic of Korea,ASIA (EX. NEAR EAST)         ,23113019,120540,191.75,2.07,0.0,24.04,1300,99.0,42.4,20.76,2.49,76.75,15.54,7.13,0.0,0.0,0.0,0.0,Democratic People's Republic of Korea,16.770979999999998,Both sexes,2013
Republic of Korea,ASIA (EX. NEAR EAST)         ,48846823,98480,496.01,2.45,0.0,7.05,17800,97.9,486.11,17.18,1.95,80.87,10.0,5.85,140.0,16.0,9.0,2.9204999999999997,Republic of Korea,24.39494,Both sexes,2013
Kuwait,NEAR EAST                          ,2418393,17820,135.71,2.8,14.18,9.95,19000,83.5,211.01,0.73,0.11,99.16,21.94,2.41,0.0,0.0,0.0,0.0,Kuwait,21.11066,Both sexes,2013
Kyrgyzstan,C.W. OF IND. STATES ,5213898,198500,26.27,0.0,-2.45,35.64,1600,97.0,84.04,7.3,0.35,92.35,22.8,7.08,31.0,97.0,6.0,2.3718000000000004,Kyrgyzstan,17.41422,Both sexes,2013
Lao People's Democratic Republic,ASIA (EX. NEAR EAST)         ,6368481,236800,26.89,0.0,0.0,85.22,1700,66.4,14.14,3.8,0.35,95.85,35.49,11.55,62.0,0.0,123.0,3.2744999999999997,Lao People's Democratic Republic,17.09779,Both sexes,2013
Latvia,BALTICS                            ,2274735,64589,35.22,0.82,-2.23,9.55,10200,99.8,321.36,29.67,0.47,69.86,9.24,13.66,281.0,216.0,62.0,9.8943,Latvia,19.69281,Both sexes,2013
Lebanon,NEAR EAST                          ,3874050,10400,372.5,2.16,0.0,24.52,4800,87.4,255.55,16.62,13.98,69.4,18.52,6.21,20.0,55.0,31.0,1.8762,Lebanon,22.67539,Both sexes,2013
Lesotho,SUB-SAHARAN AFRICA                 ,2022331,30355,66.62,0.0,-0.74,84.23,3000,84.8,23.73,10.87,0.13,89.0,24.75,28.71,82.0,29.0,0.0,1.9647000000000001,Lesotho,16.19046,Both sexes,2013
Liberia,SUB-SAHARAN AFRICA                 ,3042004,111370,27.31,0.52,0.0,128.87,1000,57.5,2.27,3.95,2.28,93.77,44.77,23.1,19.0,152.0,2.0,3.0621000000000005,Liberia,15.928139999999999,Both sexes,2013
Libya,NORTHERN AFRICA                    ,5900754,1759540,3.35,0.1,0.0,24.6,6400,82.6,127.1,1.03,0.19,98.78,26.49,3.48,0.0,0.0,0.0,0.0,Libya,19.72242,Both sexes,2013
Lithuania,BALTICS                            ,3585906,65200,55.0,0.14,-0.71,6.89,11400,99.6,223.4,45.22,0.91,53.87,8.75,10.98,343.0,244.0,56.0,11.3811,Lithuania,20.2098,Both sexes,2013
Luxembourg,WESTERN EUROPE                     ,474413,2586,183.45,0.0,8.97,4.81,55100,100.0,515.37,23.28,0.4,76.32,11.94,8.41,236.0,133.0,271.0,11.328000000000001,Luxembourg,24.6688,Both sexes,2013
The former Yugoslav republic of Macedonia,EASTERN EUROPE                     ,2050554,25333,80.94,0.0,-1.45,10.09,6700,,260.03,22.26,1.81,75.93,12.02,8.77,253.4,27.0,86.0,6.4852799999999995,The former Yugoslav republic of Macedonia,19.329060000000002,Both sexes,2013
Madagascar,SUB-SAHARAN AFRICA                 ,18595469,587040,31.68,0.82,0.0,76.83,800,68.9,3.6,5.07,1.03,93.91,41.41,11.11,26.0,15.0,4.0,0.7965,Madagascar,16.87223,Both sexes,2013
Malawi,SUB-SAHARAN AFRICA                 ,13013926,118480,109.84,0.0,0.0,103.32,600,62.7,7.89,23.38,1.49,75.13,43.13,19.33,8.0,11.0,1.0,0.354,Malawi,16.338520000000003,Both sexes,2013
Malaysia,ASIA (EX. NEAR EAST)         ,24385858,329750,73.95,1.42,0.0,17.7,9000,88.7,179.04,5.48,17.61,76.91,22.86,5.05,13.0,4.0,0.0,0.30089999999999995,Malaysia,18.77471,Both sexes,2013
Maldives,ASIA (EX. NEAR EAST)         ,359008,300,1196.69,214.67,0.0,56.52,3900,97.2,89.97,13.33,16.67,70.0,34.81,7.06,0.0,0.0,0.0,0.0,Maldives,20.82443,Both sexes,2013
Mali,SUB-SAHARAN AFRICA                 ,11716829,1240000,9.45,0.0,-0.33,116.79,900,46.4,6.4,3.82,0.03,96.15,49.82,16.89,5.0,1.0,1.0,0.12390000000000001,Mali,15.52345,Both sexes,2013
Malta,WESTERN EUROPE                     ,400214,316,1266.5,62.28,2.07,3.89,17700,92.8,504.98,28.13,3.13,68.74,10.22,8.1,149.0,100.0,120.0,6.5313,Malta,23.23585,Both sexes,2013
Marshall Islands,OCEANIA                            ,60422,11854,5.1,3.12,-6.04,29.45,1600,93.7,91.19,16.67,38.89,44.44,33.05,4.78,0.0,0.0,0.0,0.0,Marshall Islands,18.35695,Both sexes,2013
Mauritania,SUB-SAHARAN AFRICA                 ,3177388,1030700,3.08,0.07,0.0,70.89,1800,41.7,12.9,0.48,0.01,99.51,40.99,12.16,0.0,0.0,0.0,0.0,Mauritania,16.37922,Both sexes,2013
Mauritius,SUB-SAHARAN AFRICA                 ,1240827,2040,608.25,8.68,-0.9,15.03,11400,85.6,289.32,49.26,2.96,47.78,15.43,6.86,98.0,31.0,18.0,2.6019,Mauritius,20.21792,Both sexes,2013
Mexico,LATIN AMER. & CARIB    ,107449525,1972550,54.47,0.47,-4.87,20.91,9000,92.2,181.59,12.99,1.31,85.7,20.69,4.74,238.0,68.0,5.0,5.5047,Mexico,21.419079999999997,Both sexes,2013
Micronesia (Federated States of),OCEANIA                            ,108004,702,153.85,870.66,-20.99,30.21,2000,89.0,114.81,5.71,45.71,48.58,24.68,4.75,62.0,50.0,18.0,2.301,Micronesia (Federated States of),17.2581,Both sexes,2013
Republic of Moldova,C.W. OF IND. STATES ,4466706,33843,131.98,0.0,-0.26,40.42,1800,99.1,208.07,55.3,10.79,33.91,15.7,12.64,109.0,226.0,18.0,6.248099999999999,Republic of Moldova,17.30186,Both sexes,2013
Monaco,WESTERN EUROPE                     ,32543,2,16271.5,205.0,7.75,5.43,27000,99.0,1035.55,0.0,0.0,100.0,9.19,12.91,0.0,0.0,0.0,0.0,Monaco,25.42132,Both sexes,2013
Mongolia,ASIA (EX. NEAR EAST)         ,2832224,1564116,1.81,0.0,0.0,53.79,1800,97.8,55.08,0.77,0.0,99.23,21.59,6.95,77.0,189.0,8.0,4.8498,Mongolia,16.281029999999998,Both sexes,2013
Morocco,NORTHERN AFRICA                    ,33241259,446550,74.44,0.41,-0.98,41.62,4000,51.7,40.35,19.61,2.17,78.22,21.98,5.58,12.0,6.0,10.0,0.49559999999999993,Morocco,17.8917,Both sexes,2013
Mozambique,SUB-SAHARAN AFRICA                 ,19686505,801590,24.56,0.31,0.0,130.79,1200,47.8,3.54,5.1,0.3,94.6,35.18,21.35,47.0,18.0,5.0,1.2389999999999999,Mozambique,16.47116,Both sexes,2013
Namibia,SUB-SAHARAN AFRICA                 ,2044147,825418,2.48,0.19,0.0,48.98,7200,84.0,62.57,0.99,0.0,99.01,24.32,18.86,376.0,3.0,1.0,6.725999999999999,Namibia,18.703120000000002,Both sexes,2013
Nauru,OCEANIA                            ,13287,21,632.71,142.86,0.0,9.95,5000,,143.0,0.0,0.0,100.0,24.76,6.7,49.0,0.0,8.0,1.0089000000000001,Nauru,23.20659,Both sexes,2013
Nepal,ASIA (EX. NEAR EAST)         ,28287147,147181,192.19,0.0,0.0,66.98,1400,45.2,15.86,21.68,0.64,77.68,30.98,9.31,5.0,6.0,0.0,0.19469999999999998,Nepal,17.07327,Both sexes,2013
Netherlands,WESTERN EUROPE                     ,16491461,41526,397.14,1.09,2.91,5.04,28600,99.0,460.84,26.71,0.97,72.32,10.9,8.68,251.0,88.0,190.0,9.363299999999999,Netherlands,23.843000000000004,Both sexes,2013
New Zealand,OCEANIA                            ,4076140,268680,15.17,5.63,4.05,5.85,21600,99.0,441.72,5.6,6.99,87.41,13.76,7.53,203.0,79.0,175.0,8.088899999999999,New Zealand,25.110670000000002,Both sexes,2013
Nicaragua,LATIN AMER. & CARIB    ,5570129,129494,43.01,0.7,-1.22,29.11,2300,67.5,39.66,15.94,1.94,82.12,24.51,4.45,78.0,118.0,1.0,3.4869000000000003,Nicaragua,21.13286,Both sexes,2013
Niger,SUB-SAHARAN AFRICA                 ,12525094,1267000,9.89,0.0,-0.67,121.69,800,17.6,1.92,3.54,0.01,96.45,50.73,20.91,3.0,2.0,1.0,0.10619999999999999,Niger,15.50721,Both sexes,2013
Nigeria,SUB-SAHARAN AFRICA                 ,131859731,923768,142.74,0.09,0.26,98.8,900,68.0,9.28,31.29,2.96,65.75,40.43,16.94,42.0,5.0,2.0,0.8673,Nigeria,15.801720000000001,Both sexes,2013
Norway,WESTERN EUROPE                     ,4610820,323802,14.24,7.77,1.74,3.7,37800,100.0,461.74,2.87,0.0,97.13,11.46,9.4,169.0,71.0,129.0,6.5313,Norway,24.245260000000002,Both sexes,2013
Oman,NEAR EAST                          ,3102229,212460,14.6,0.98,0.28,19.51,13100,75.8,85.49,0.0,0.14,99.74,36.24,3.81,22.0,16.0,1.0,0.6902999999999999,Oman,20.492729999999998,Both sexes,2013
Pakistan,ASIA (EX. NEAR EAST)         ,165803560,803940,206.24,0.13,-2.77,72.44,2100,45.7,31.83,27.87,0.87,71.26,29.74,8.23,0.0,0.0,0.0,0.0,Pakistan,17.44965,Both sexes,2013
Palau,OCEANIA                            ,20579,458,44.93,331.66,2.85,14.84,9000,92.0,325.57,8.7,4.35,86.95,18.03,6.8,306.0,63.0,23.0,6.9384,Palau,18.25476,Both sexes,2013
Panama,LATIN AMER. & CARIB    ,3191319,78200,40.81,3.18,-0.91,20.47,6300,92.6,137.91,7.36,1.98,90.66,21.74,5.36,285.0,104.0,18.0,7.2039,Panama,23.5701,Both sexes,2013
Papua New Guinea,OCEANIA                            ,5670544,462840,12.25,1.11,0.0,51.45,2200,64.6,10.93,0.46,1.44,98.1,29.36,7.25,44.0,39.0,1.0,1.4868000000000001,Papua New Guinea,14.91985,Both sexes,2013
Paraguay,LATIN AMER. & CARIB    ,6506464,406750,16.0,0.0,-0.08,25.63,4700,94.0,49.23,7.6,0.23,92.17,29.1,4.49,213.0,117.0,74.0,7.1508,Paraguay,21.39382,Both sexes,2013
Peru,LATIN AMER. & CARIB    ,28302603,1285220,22.02,0.19,-1.05,31.94,5100,90.9,79.52,2.89,0.4,96.71,20.48,6.23,163.0,160.0,21.0,6.088800000000001,Peru,22.7245,Both sexes,2013
Philippines,ASIA (EX. NEAR EAST)         ,89468677,300000,298.23,12.1,-1.5,23.51,4600,92.6,38.42,18.95,16.77,64.28,24.89,5.41,71.0,186.0,1.0,4.5666,Philippines,17.01759,Both sexes,2013
Poland,EASTERN EUROPE                     ,38536869,312685,123.25,0.16,-0.49,8.51,11100,99.8,306.28,45.91,1.12,52.97,9.85,9.89,343.0,215.0,56.0,10.8678,Poland,21.43814,Both sexes,2013
Portugal,WESTERN EUROPE                     ,10605870,92391,114.79,1.94,3.57,5.05,18000,93.3,399.21,21.75,7.81,70.44,10.72,10.5,194.0,67.0,339.0,10.62,Portugal,24.19125,Both sexes,2013
Qatar,NEAR EAST                          ,885359,11437,77.41,4.92,16.29,18.61,21500,82.5,232.0,1.64,0.27,98.09,15.56,4.72,1.0,42.0,7.0,0.885,Qatar,22.227320000000002,Both sexes,2013
Romania,EASTERN EUROPE                     ,22303552,237500,93.91,0.09,-0.13,26.43,7000,98.4,196.87,40.82,2.25,56.93,10.7,11.77,297.0,122.0,167.0,10.3722,Romania,19.80371,Both sexes,2013
Russian Federation,C.W. OF IND. STATES ,142893540,17075200,8.37,0.22,1.02,15.39,8900,99.6,280.63,7.33,0.11,92.56,9.95,14.65,247.0,326.0,73.0,11.4342,Russian Federation,17.3679,Both sexes,2013
Rwanda,SUB-SAHARAN AFRICA                 ,8648248,26338,328.36,0.0,0.0,91.23,1300,70.4,2.66,40.54,12.16,47.3,40.37,16.09,43.0,2.0,0.0,0.7965,Rwanda,18.089570000000002,Both sexes,2013
Saint Kitts and Nevis,LATIN AMER. & CARIB    ,39129,261,149.92,51.72,-7.11,14.49,8800,97.0,638.91,19.44,2.78,77.78,18.02,8.33,194.0,205.0,32.0,7.6287,Saint Kitts and Nevis,18.821620000000003,Both sexes,2013
Saint Lucia,LATIN AMER. & CARIB    ,168458,616,273.47,25.65,-2.67,13.53,5400,67.0,303.34,6.56,22.95,70.49,19.68,5.08,171.0,315.0,71.0,9.8589,Saint Lucia,21.17333,Both sexes,2013
Saint Vincent and the Grenadines,LATIN AMER. & CARIB    ,117848,389,302.95,21.59,-7.64,14.78,2900,96.0,190.92,17.95,17.95,64.1,16.18,5.98,120.0,221.0,11.0,6.2303999999999995,Saint Vincent and the Grenadines,20.75205,Both sexes,2013
Samoa,OCEANIA                            ,176908,2944,60.09,13.69,-11.7,27.71,5600,99.7,75.18,21.2,24.38,54.42,16.43,6.62,105.0,18.0,24.0,2.6018999999999997,Samoa,18.877270000000003,Both sexes,2013
San Marino,WESTERN EUROPE                     ,29251,61,479.52,0.0,10.98,5.73,34600,96.0,704.25,16.67,0.0,83.33,10.02,8.17,0.0,0.0,0.0,0.0,San Marino,25.006510000000002,Both sexes,2013
Sao Tome and Principe,SUB-SAHARAN AFRICA                 ,193413,1001,193.22,20.88,-2.72,43.11,1200,79.3,36.19,6.25,48.96,44.79,40.25,6.47,56.0,38.0,140.0,4.1418,Sao Tome and Principe,18.2137,Both sexes,2013
Saudi Arabia,NEAR EAST                          ,27019731,1960582,13.78,0.13,-2.71,13.24,11800,78.8,140.64,1.67,0.09,98.24,29.34,2.58,0.0,5.0,0.0,0.08850000000000001,Saudi Arabia,19.20801,Both sexes,2013
Senegal,SUB-SAHARAN AFRICA                 ,11987121,196190,61.1,0.27,0.2,55.51,1600,40.2,22.24,12.78,0.21,87.01,32.78,9.42,9.0,1.0,7.0,0.3009,Senegal,16.21535,Both sexes,2013
Serbia,EASTERN EUROPE                     ,9396411,88361,106.34,0.0,-1.33,12.89,2200,93.0,285.79,33.35,3.2,63.45,,,283.0,131.0,127.0,9.5757,Serbia,18.94268,Both sexes,2013
Seychelles,SUB-SAHARAN AFRICA                 ,81541,455,179.21,107.91,-5.69,15.53,7800,58.0,262.44,2.22,13.33,84.45,16.03,6.29,157.0,25.0,51.0,4.1241,Seychelles,20.15065,Both sexes,2013
Sierra Leone,SUB-SAHARAN AFRICA                 ,6005250,71740,83.71,0.56,0.0,143.64,500,31.4,4.0,6.98,0.89,92.13,45.76,23.03,25.0,3.0,2.0,0.531,Sierra Leone,12.52842,Both sexes,2013
Singapore,ASIA (EX. NEAR EAST)         ,4492150,693,6482.18,27.85,11.53,2.29,23700,92.5,411.38,1.64,0.0,98.36,9.34,4.28,60.0,12.0,11.0,1.4690999999999999,Singapore,25.091260000000002,Both sexes,2013
Slovakia,EASTERN EUROPE                     ,5439448,48845,111.36,0.0,0.3,7.41,13300,,220.06,30.16,2.62,67.22,10.65,9.45,196.0,293.0,116.0,10.7085,Slovakia,20.66123,Both sexes,2013
Slovenia,EASTERN EUROPE                     ,2010347,20273,99.16,0.23,1.12,4.45,19000,99.7,406.1,8.6,1.49,89.91,8.98,10.31,270.0,51.0,276.0,10.5669,Slovenia,23.45852,Both sexes,2013
Solomon Islands,OCEANIA                            ,552438,28450,19.42,18.67,0.0,21.29,1700,,13.4,0.64,2.0,97.36,30.01,3.92,56.0,11.0,1.0,1.2035999999999998,Solomon Islands,16.912570000000002,Both sexes,2013
Somalia,SUB-SAHARAN AFRICA                 ,8863338,637657,13.9,0.47,5.37,116.7,500,37.8,11.28,1.67,0.04,98.29,45.13,16.63,0.0,0.0,0.0,0.0,Somalia,16.13775,Both sexes,2013
South Africa,SUB-SAHARAN AFRICA                 ,44187637,1219912,36.22,0.23,-0.29,61.81,10700,86.4,107.02,12.08,0.79,87.13,18.2,22.0,225.0,76.0,81.0,6.7614,South Africa,16.52209,Both sexes,2013
Spain,WESTERN EUROPE                     ,40397842,504782,80.03,0.98,0.99,4.42,22000,97.9,453.54,26.07,9.87,64.06,10.06,9.72,284.0,157.0,112.0,9.7881,Spain,25.3443,Both sexes,2013
Sri Lanka,ASIA (EX. NEAR EAST)         ,20222240,65610,308.22,2.04,-1.31,14.35,3700,92.3,61.52,13.86,15.7,70.44,15.51,6.52,16.0,104.0,0.0,2.1239999999999997,Sri Lanka,20.19744,Both sexes,2013
Sudan,SUB-SAHARAN AFRICA                 ,41236378,2505810,16.46,0.03,-0.02,62.5,1900,61.1,16.25,6.83,0.18,92.99,34.53,8.97,8.0,13.0,0.0,0.3717,Sudan,17.434820000000002,Both sexes,2013
Suriname,LATIN AMER. & CARIB    ,439117,163270,2.69,0.24,-8.81,23.57,4000,93.0,184.69,0.37,0.06,99.57,18.02,7.27,128.0,178.0,7.0,5.5401,Suriname,23.38242,Both sexes,2013
Swaziland,SUB-SAHARAN AFRICA                 ,1136334,17363,65.45,0.0,0.0,69.27,4900,81.6,30.8,10.35,0.7,88.95,27.41,29.74,90.0,2.0,2.0,1.6638000000000002,Swaziland,16.88085,Both sexes,2013
Sweden,WESTERN EUROPE                     ,9016596,449964,20.04,0.72,1.67,2.77,26800,99.0,715.01,6.54,0.01,93.45,10.27,10.31,152.0,60.0,186.0,7.0446,Sweden,24.06486,Both sexes,2013
Switzerland,WESTERN EUROPE                     ,7523934,41290,182.22,0.0,4.05,4.39,32700,99.0,680.89,10.42,0.61,88.97,9.71,8.49,185.0,100.0,280.0,10.000499999999999,Switzerland,25.488970000000002,Both sexes,2013
Syrian Arab Republic,NEAR EAST                          ,18881361,185180,101.96,0.1,0.0,29.53,3300,76.9,153.75,25.22,4.43,70.35,27.76,4.81,5.0,35.0,16.0,0.9911999999999999,Syrian Arab Republic,19.87789,Both sexes,2013
Tajikistan,C.W. OF IND. STATES ,7320815,143100,51.16,0.0,-2.86,110.76,1000,99.4,33.49,6.61,0.92,92.47,32.65,8.25,2.0,15.0,0.0,0.3009,Tajikistan,17.44905,Both sexes,2013
United Republic of Tanzania,SUB-SAHARAN AFRICA                 ,37445392,945087,39.62,0.15,-2.06,98.54,600,78.2,3.96,4.52,1.08,94.4,37.71,16.39,36.0,6.0,1.0,0.7611,United Republic of Tanzania,17.69364,Both sexes,2013
Thailand,ASIA (EX. NEAR EAST)         ,64631595,514000,125.74,0.63,0.0,20.48,7400,92.6,108.85,29.36,6.46,64.18,13.87,7.04,99.0,258.0,1.0,6.336600000000001,Thailand,20.904020000000003,Both sexes,2013
Togo,SUB-SAHARAN AFRICA                 ,5548702,56785,97.71,0.1,0.0,66.61,1500,60.9,10.56,46.15,2.21,51.64,37.01,9.83,36.0,2.0,19.0,1.0089,Togo,16.562920000000002,Both sexes,2013
Tonga,OCEANIA                            ,114689,748,153.33,56.02,0.0,12.62,2200,98.5,97.66,23.61,43.06,33.33,25.37,5.28,36.0,21.0,5.0,1.0974,Tonga,18.13031,Both sexes,2013
Trinidad and Tobago,LATIN AMER. & CARIB    ,1065842,5128,207.85,7.06,-10.83,24.31,9500,98.6,303.52,14.62,9.16,76.22,12.9,10.57,197.0,156.0,7.0,6.372,Trinidad and Tobago,17.81031,Both sexes,2013
Tunisia,NORTHERN AFRICA                    ,10175014,163610,62.19,0.7,-0.57,24.77,6900,74.2,123.59,17.86,13.74,68.4,15.52,5.13,51.0,3.0,20.0,1.3097999999999999,Tunisia,20.74825,Both sexes,2013
Turkey,NEAR EAST                          ,70413958,780580,90.21,0.92,0.0,41.04,6700,86.5,269.52,30.93,3.31,65.76,16.62,5.97,51.0,22.0,7.0,1.416,Turkey,20.886329999999997,Both sexes,2013
Turkmenistan,C.W. OF IND. STATES ,5042920,488100,10.33,0.0,-0.86,73.08,5800,98.0,74.58,3.72,0.14,96.14,27.61,8.6,19.0,71.0,32.0,2.1594,Turkmenistan,15.871920000000001,Both sexes,2013
Tuvalu,OCEANIA                            ,11810,26,454.23,92.31,0.0,20.03,1100,,59.27,0.0,0.0,100.0,22.18,7.11,6.0,41.0,9.0,0.9912,Tuvalu,16.24073,Both sexes,2013
Uganda,SUB-SAHARAN AFRICA                 ,28195754,236040,119.45,0.0,0.0,67.83,1400,69.9,3.58,25.88,10.65,63.47,47.35,12.24,45.0,9.0,0.0,0.9558,Uganda,16.595,Both sexes,2013
Ukraine,C.W. OF IND. STATES ,46710816,603700,77.37,0.46,-0.39,20.34,5400,99.7,259.94,56.21,1.61,42.18,8.82,14.39,206.0,237.0,45.0,8.637599999999999,Ukraine,17.99756,Both sexes,2013
United Arab Emirates,NEAR EAST                          ,2602713,82880,31.4,1.59,1.03,14.51,23200,77.9,475.27,0.6,2.25,97.15,18.96,4.4,16.0,135.0,5.0,2.7612,United Arab Emirates,19.79168,Both sexes,2013
United Kingdom of Great Britain and Northern Ireland,WESTERN EUROPE                     ,60609153,244820,247.57,5.08,2.19,5.16,27700,99.0,543.53,23.46,0.21,76.33,10.71,10.13,219.0,126.0,195.0,9.558,United Kingdom of Great Britain and Northern Ireland,24.00066,Both sexes,2013
United States of America,NORTHERN AMERICA                   ,298444215,9631420,30.99,0.21,3.41,6.5,37800,97.0,897.99,19.13,0.22,80.65,14.14,8.26,249.0,158.0,84.0,8.6907,United States of America,23.08794,Both sexes,2013
Uruguay,LATIN AMER. & CARIB    ,3431932,176220,19.48,0.37,-0.32,11.95,12800,98.0,291.38,7.43,0.23,92.34,13.91,9.05,115.0,35.0,220.0,6.5489999999999995,Uruguay,21.99621,Both sexes,2013
Uzbekistan,C.W. OF IND. STATES ,27307134,447400,61.04,0.0,-1.72,71.1,1700,99.3,62.88,10.83,0.83,88.34,26.36,7.84,25.0,101.0,8.0,2.3718,Uzbekistan,16.98007,Both sexes,2013
Vanuatu,OCEANIA                            ,208869,12200,17.12,20.72,0.0,55.16,2900,53.0,32.56,2.46,7.38,90.16,22.72,7.82,21.0,18.0,11.0,0.885,Vanuatu,17.98234,Both sexes,2013
Venezuela (Bolivarian Republic of),LATIN AMER. & CARIB    ,25730435,912050,28.21,0.31,-0.04,22.2,4800,93.4,140.13,2.95,0.92,96.13,18.71,4.92,333.0,100.0,3.0,7.7172,Venezuela (Bolivarian Republic of),23.059279999999998,Both sexes,2013
Viet Nam,ASIA (EX. NEAR EAST)         ,84402966,329560,256.11,1.05,-0.45,25.95,2500,90.3,187.73,19.97,5.95,74.08,16.86,6.22,111.0,2.0,1.0,2.0178,Viet Nam,22.35942,Both sexes,2013
Yemen,NEAR EAST                          ,21456188,527970,40.64,0.36,0.0,61.5,800,50.2,37.2,2.78,0.24,96.98,42.89,8.3,6.0,0.0,0.0,0.10619999999999999,Yemen,16.17834,Both sexes,2013
Zambia,SUB-SAHARAN AFRICA                 ,11502010,752614,15.28,0.0,0.0,88.29,800,80.6,8.23,7.08,0.03,92.9,41.0,19.93,32.0,19.0,4.0,0.9735,Zambia,17.29255,Both sexes,2013
Zimbabwe,SUB-SAHARAN AFRICA                 ,12236805,390580,31.33,0.0,0.0,67.69,1900,90.7,26.8,8.32,0.34,91.34,28.01,21.84,64.0,18.0,4.0,1.5222,Zimbabwe,18.19472,Both sexes,2013
